,STS12,STS13,STS14,STS15,STS16,STS-B,SICK-R,Avg
Avg. GloVe (ours),57.25,53.79,52.0,59.7,49.83,47.37,57.21,53.88
Avg. GloVe (paper),55.14,70.66,59.73,68.25,63.66,58.02,53.76,61.32
Avg. BERT (ours),30.87,59.89,47.73,60.29,63.73,47.29,58.65,52.64
Avg. BERT (paper),38.78,57.98,57.98,63.15,61.06,46.35,58.4,54.81
BERT CLS (ours),21.54,32.11,21.28,37.89,44.24,20.3,42.74,31.44
BERT CLS (paper),20.16,30.01,20.09,36.88,38.08,16.5,42.63,29.19
SBERT distilroberta 300k (ours),67.2,73.71,69.11,75.58,72.35,75.6,71.63,72.17
SRoBERTa-NLI-base (paper),71.54,72.49,70.8,78.74,73.69,77.77,74.46,74.21
SBERT-NLI-base (paper),70.97,76.53,73.19,79.09,74.3,77.03,72.91,74.89
